-0.07276890426874161,0.07619334757328033,0.08122924715280533,-0.10812164843082428,-0.0988362655043602,-0.09080927819013596,-0.01821869984269142,-0.1364244967699051,0.11100449413061142,-0.11517290025949478,0.37249109148979187,-0.07293382287025452,-0.21358442306518555,-0.15256544947624207,-0.04310392588376999,0.17477063834667206,-0.1720065176486969,-0.12622296810150146,-0.023304112255573273,0.005643020384013653,0.1194264218211174,-0.010912377387285233,0.02834453247487545,0.06824658811092377,-0.04765378683805466,-0.37825509905815125,-0.09511636197566986,-0.10678160190582275,0.02765851840376854,-0.09542864561080933,0.002610950730741024,0.01767268218100071,-0.23515990376472473,-0.06768209487199783,-0.03986449912190437,0.01461527869105339,-0.0977468192577362,-0.06284207105636597,0.2106485664844513,0.011274212040007114,-0.21491655707359314,0.001705953385680914,-0.010152079164981842,0.21114212274551392,0.15082433819770813,0.03129228949546814,0.035303566604852676,-0.10896459221839905,0.028494104743003845,-0.17244498431682587,0.03818731755018234,0.11275425553321838,0.1398579478263855,0.018836751580238342,-0.015183359384536743,-0.16119717061519623,-0.013462899252772331,0.09891567379236221,-0.23787108063697815,0.019185226410627365,0.02535860985517502,-0.08853159844875336,-0.04794822633266449,-0.09462612122297287,0.22115792334079742,0.06804538518190384,-0.12059730291366577,-0.12094772607088089,0.1659466028213501,-0.11968157440423965,-0.054764267057180405,0.08870738744735718,-0.1655001938343048,-0.22090180218219757,-0.29744574427604675,0.044908419251441956,0.37451350688934326,0.07472128421068192,-0.1685451716184616,-0.021275565028190613,-0.04273149371147156,-0.024267099797725677,0.06279319524765015,0.08591105788946152,-0.02108769863843918,0.027639463543891907,-0.0735199823975563,0.059660255908966064,0.111903615295887,-0.09354474395513535,-0.06374805420637131,0.23424474895000458,-0.05733693391084671,0.10479193925857544,0.008749705739319324,-0.012515639886260033,-0.0006096698343753815,0.08328662812709808,-0.1153993234038353,0.05364055931568146,-0.01955782249569893,-0.057941824197769165,-0.024669881910085678,0.06793814897537231,-0.11603493243455887,0.07215353101491928,0.019251681864261627,-0.0318109393119812,-0.06124819815158844,-0.019934378564357758,-0.1493244171142578,-0.08531035482883453,0.12557394802570343,-0.23152919113636017,0.2500597834587097,0.2365509271621704,0.10743872821331024,0.13413801789283752,0.11107540875673294,-0.002478998154401779,0.01086183451116085,-0.1001177579164505,-0.2401479333639145,0.026597213000059128,0.13639512658119202,-0.04046820104122162,0.10986913740634918,-0.00972744170576334
-0.06864965707063675,0.08059617131948471,0.07415584474802017,-0.1000150516629219,-0.09316295385360718,-0.08139149844646454,-0.011255931109189987,-0.13931846618652344,0.1073390319943428,-0.11249110847711563,0.35508519411087036,-0.0738733783364296,-0.20711004734039307,-0.15129148960113525,-0.04429115727543831,0.17686091363430023,-0.16486293077468872,-0.1254456788301468,-0.027387838810682297,0.01119170244783163,0.10682409256696701,-0.015074641443789005,0.024812186136841774,0.08552128076553345,-0.03263304382562637,-0.37022092938423157,-0.09026962518692017,-0.11197241395711899,0.029921893030405045,-0.09731465578079224,-0.001585010439157486,0.00978782121092081,-0.23007117211818695,-0.06833948940038681,-0.04407619312405586,0.008635862730443478,-0.10438034683465958,-0.056311577558517456,0.2151346653699875,0.008932680822908878,-0.21458549797534943,0.016404900699853897,-0.009718862362205982,0.22251680493354797,0.16356776654720306,0.03767947107553482,0.03391526639461517,-0.10722717642784119,0.03607435151934624,-0.17519085109233856,0.03831908106803894,0.10340152680873871,0.1312911957502365,0.0186927430331707,-0.013692842796444893,-0.17044955492019653,-0.022879566997289658,0.08416777849197388,-0.2244013249874115,0.027421198785305023,0.012273317202925682,-0.08049573749303818,-0.046591006219387054,-0.08683005720376968,0.22609886527061462,0.07151929289102554,-0.11248772591352463,-0.13206028938293457,0.1693955361843109,-0.13879705965518951,-0.05451175570487976,0.09061338007450104,-0.16084766387939453,-0.21050894260406494,-0.292836457490921,0.04328298941254616,0.3635256290435791,0.07606157660484314,-0.17432822287082672,-0.01578146032989025,-0.0375264473259449,-0.015688803046941757,0.07785488665103912,0.09637010842561722,-0.009303048253059387,0.023282743990421295,-0.06876473873853683,0.04562808945775032,0.11537028849124908,-0.0958620011806488,-0.06995243579149246,0.23405872285366058,-0.05205518379807472,0.09747812896966934,0.013094421476125717,-0.019265487790107727,0.002816862426698208,0.08602029830217361,-0.12743164598941803,0.04754034802317619,-0.014732972718775272,-0.04046401008963585,-0.01731210947036743,0.067740298807621,-0.11708323657512665,0.07581856846809387,0.017113037407398224,-0.020280081778764725,-0.054299287497997284,-0.010063798166811466,-0.15762393176555634,-0.08109579980373383,0.13236379623413086,-0.22854407131671906,0.2605011463165283,0.22972387075424194,0.09969645738601685,0.11819346994161606,0.11302401125431061,-0.002167760394513607,0.01929621770977974,-0.08788333833217621,-0.2378968745470047,0.030434953048825264,0.14024555683135986,-0.042639218270778656,0.10672062635421753,-0.009915623813867569
-0.0661180391907692,0.07893816381692886,0.07862305641174316,-0.09099505841732025,-0.09961641579866409,-0.07751675695180893,-0.019634589552879333,-0.13602600991725922,0.10962773114442825,-0.12542510032653809,0.3635956048965454,-0.07478837668895721,-0.2135298252105713,-0.1404024064540863,-0.05746489018201828,0.18435534834861755,-0.15908797085285187,-0.11399424076080322,-0.03763531893491745,0.008565918542444706,0.11006934195756912,-0.00842947419732809,0.028266513720154762,0.07499982416629791,-0.0347982794046402,-0.37496188282966614,-0.09252886474132538,-0.10482855141162872,0.029118645936250687,-0.08784615248441696,-0.011556143872439861,-0.006077469792217016,-0.23199374973773956,-0.07219161093235016,-0.04435531049966812,-0.005349046550691128,-0.11140722036361694,-0.0697212815284729,0.2145504206418991,0.014854470267891884,-0.2099127173423767,0.012763513252139091,-0.007779618725180626,0.21864168345928192,0.14957721531391144,0.039517130702733994,0.03515869751572609,-0.11866865307092667,0.04886259883642197,-0.1818791776895523,0.030303653329610825,0.10178272426128387,0.1396295130252838,0.016745738685131073,0.0025476645678281784,-0.15552377700805664,-0.011482255533337593,0.10692503303289413,-0.2340208739042282,0.023623371496796608,0.0067987930960953236,-0.06365442276000977,-0.03899894654750824,-0.09616212546825409,0.22400297224521637,0.08334604650735855,-0.10394253581762314,-0.12656264007091522,0.16139483451843262,-0.13310900330543518,-0.046578820794820786,0.08685040473937988,-0.15518821775913239,-0.2226244956254959,-0.29568105936050415,0.0349445566534996,0.3701382279396057,0.08758091926574707,-0.1623484194278717,-0.020136993378400803,-0.02880053035914898,-0.021998437121510506,0.08947736769914627,0.08111915737390518,-0.021081922575831413,0.017127625644207,-0.06546985357999802,0.05161989852786064,0.12158758193254471,-0.10501594841480255,-0.06333465874195099,0.23238326609134674,-0.053233709186315536,0.0889798179268837,0.006865777540951967,-0.025391852483153343,-0.01620316319167614,0.09040012210607529,-0.11916189640760422,0.05291670188307762,-0.014872313477098942,-0.038496360182762146,-0.0058357082307338715,0.05501371622085571,-0.11754761636257172,0.05800817906856537,0.009408218786120415,-0.03104860708117485,-0.04913768917322159,-0.018256554380059242,-0.16552512347698212,-0.07846170663833618,0.12511390447616577,-0.22509650886058807,0.25600069761276245,0.21916364133358002,0.08774197846651077,0.12160062789916992,0.11252070963382721,-0.007528137415647507,0.009832006879150867,-0.08626712113618851,-0.2309575378894806,0.023891480639576912,0.1477249413728714,-0.04500451311469078,0.11420172452926636,-0.024339307099580765
-0.07125193625688553,0.07416459172964096,0.06394413858652115,-0.09003400057554245,-0.10238967090845108,-0.08769608289003372,-0.014035876840353012,-0.14187069237232208,0.10619869083166122,-0.11738677322864532,0.3561193645000458,-0.07492019981145859,-0.21193671226501465,-0.14628785848617554,-0.04446656256914139,0.18457049131393433,-0.17176441848278046,-0.11417291313409805,-0.030404023826122284,0.01309299748390913,0.1167980283498764,-0.011082938872277737,0.0230012945830822,0.07764551788568497,-0.032706379890441895,-0.37161627411842346,-0.09159184247255325,-0.10488438606262207,0.02037450298666954,-0.09636089950799942,0.0015502329915761948,-0.001971534453332424,-0.22538109123706818,-0.06982453167438507,-0.03959330916404724,0.006013891659677029,-0.11048624664545059,-0.061499424278736115,0.21502362191677094,0.006002058275043964,-0.22605103254318237,0.024441715329885483,0.0002655554562807083,0.22202736139297485,0.15290644764900208,0.04009535536170006,0.0344078466296196,-0.12171591073274612,0.04576714709401131,-0.16610191762447357,0.028324272483587265,0.10571359097957611,0.1281672567129135,0.016247380524873734,-0.006746589206159115,-0.1530558168888092,-0.020595978945493698,0.09577705711126328,-0.22367288172245026,0.01781967282295227,0.031666241586208344,-0.07368467003107071,-0.040479354560375214,-0.10152887552976608,0.22468967735767365,0.06644652783870697,-0.11621788889169693,-0.12581183016300201,0.15687237679958344,-0.14011403918266296,-0.06693629175424576,0.08531520515680313,-0.15763968229293823,-0.22284290194511414,-0.3010523021221161,0.033755723387002945,0.36485031247138977,0.07859903573989868,-0.16772131621837616,-0.017624080181121826,-0.026079820469021797,-0.01550263725221157,0.0934445932507515,0.10605786740779877,0.0010321233421564102,0.027920342981815338,-0.06516718864440918,0.04779265820980072,0.1237003430724144,-0.10127425938844681,-0.06082093343138695,0.23026998341083527,-0.04432862997055054,0.09098274260759354,0.007056213915348053,-0.019107498228549957,-0.004815276712179184,0.08258993178606033,-0.1242561936378479,0.04945358633995056,-0.016305509954690933,-0.03906736522912979,-0.009132021106779575,0.06019080430269241,-0.11212621629238129,0.07885275036096573,0.018325313925743103,-0.020340485498309135,-0.05409803241491318,-0.01245191041380167,-0.15157592296600342,-0.07398597151041031,0.12093326449394226,-0.22769421339035034,0.26404106616973877,0.22232326865196228,0.09452306479215622,0.1167464628815651,0.10558923333883286,0.002210359089076519,0.0019167321734130383,-0.08367704600095749,-0.24164636433124542,0.022941967472434044,0.13650484383106232,-0.03692210838198662,0.12258873879909515,-0.01954718306660652
-0.050632294267416,0.06942210346460342,0.07744956761598587,-0.0894772857427597,-0.10607875883579254,-0.11629758030176163,-0.025894418358802795,-0.12988071143627167,0.09178224951028824,-0.11912987381219864,0.3557131588459015,-0.07432691007852554,-0.20950531959533691,-0.13849201798439026,-0.03647879883646965,0.18545731902122498,-0.18339903652668,-0.1056007519364357,-0.04079253599047661,0.006308313459157944,0.12213347852230072,-0.02007298357784748,0.021813133731484413,0.07937745749950409,-0.028106991201639175,-0.3573012351989746,-0.0814177393913269,-0.09752689301967621,0.023416070267558098,-0.07792441546916962,0.0025874823331832886,-0.003966469783335924,-0.23457279801368713,-0.08055891841650009,-0.031186316162347794,-0.00848717987537384,-0.10193243622779846,-0.07014632225036621,0.2014700323343277,0.0026708748191595078,-0.22426383197307587,0.028168711811304092,-0.005795375443994999,0.2068886011838913,0.15667058527469635,0.04789164662361145,0.044374145567417145,-0.1266254186630249,0.06662362068891525,-0.1769712120294571,0.02423105388879776,0.10903510451316833,0.13488788902759552,0.005107869394123554,0.005891859065741301,-0.15134617686271667,0.0008090650662779808,0.11204176396131516,-0.23952797055244446,0.023913539946079254,0.032173771411180496,-0.07370637357234955,-0.03836670517921448,-0.1081424355506897,0.22098392248153687,0.06776372343301773,-0.11435449123382568,-0.13187192380428314,0.1519475132226944,-0.1337784081697464,-0.07029265910387039,0.0931197926402092,-0.15967553853988647,-0.21756817400455475,-0.3146318197250366,0.02218407765030861,0.36380600929260254,0.07736126333475113,-0.16912446916103363,-0.012531623244285583,-0.02151867002248764,-0.00637429766356945,0.09878621250391006,0.10595845431089401,-0.00014102645218372345,0.017240572720766068,-0.06911321729421616,0.04712679237127304,0.11746084690093994,-0.10809838771820068,-0.06604261696338654,0.2256079912185669,-0.05031440034508705,0.07812725007534027,-0.0017511560581624508,-0.024060646072030067,-0.019269775599241257,0.0807715654373169,-0.11650630831718445,0.04406470060348511,-0.0048914942890405655,-0.03147130459547043,-0.015653865411877632,0.05477619171142578,-0.10941731184720993,0.05670468881726265,-0.005402567330747843,-0.018358226865530014,-0.0566386803984642,-0.025751382112503052,-0.1478804498910904,-0.07271544635295868,0.10540376603603363,-0.2258630245923996,0.2681034803390503,0.22273865342140198,0.08579850196838379,0.10407647490501404,0.09206348657608032,-0.008696643635630608,0.0009603714570403099,-0.08618776500225067,-0.23421689867973328,0.011933287605643272,0.13698208332061768,-0.03800882771611214,0.12675471603870392,-0.03434824198484421
-0.056917380541563034,0.06716558337211609,0.06888296455144882,-0.07522948831319809,-0.09281914681196213,-0.09340298920869827,-0.03184742480516434,-0.11378595232963562,0.0728035569190979,-0.09370852261781693,0.35460591316223145,-0.06611743569374084,-0.21124519407749176,-0.13937050104141235,-0.050341490656137466,0.15680590271949768,-0.16742604970932007,-0.08410927653312683,-0.024355009198188782,0.006770984269678593,0.10568461567163467,-0.011042645201086998,0.0156715027987957,0.05277489498257637,-0.04471695423126221,-0.3956492841243744,-0.09311109781265259,-0.12066507339477539,0.02550838328897953,-0.0903959721326828,0.01268826611340046,0.015512162819504738,-0.2302866131067276,-0.050417426973581314,-0.029765114188194275,-0.029208531603217125,-0.09284453839063644,-0.06033930554986,0.21121267974376678,0.027944792062044144,-0.2011382281780243,-0.00955936312675476,-0.031195200979709625,0.22426775097846985,0.14458204805850983,0.056706205010414124,0.061488762497901917,-0.08335653692483902,0.0754709541797638,-0.17630060017108917,0.016867611557245255,0.11441397666931152,0.14190560579299927,0.003067509736865759,-0.0050670066848397255,-0.13276024162769318,0.004462077282369137,0.07434675097465515,-0.2526167035102844,0.02629919908940792,0.008089142851531506,-0.08803894370794296,-0.03676559403538704,-0.08264050632715225,0.24937866628170013,0.06626126170158386,-0.11288608610630035,-0.1257939487695694,0.1700226068496704,-0.1480787843465805,-0.045712463557720184,0.08076503127813339,-0.16210640966892242,-0.2241506278514862,-0.31250208616256714,0.040084756910800934,0.35437726974487305,0.09727427363395691,-0.14865995943546295,0.005406264681369066,-0.046151723712682724,-0.015513734892010689,0.09531358629465103,0.10848146677017212,-0.01291104406118393,0.03841110318899155,-0.05326324328780174,0.04612131044268608,0.14544127881526947,-0.11283064633607864,-0.0892985612154007,0.22623685002326965,-0.07835260778665543,0.10195187479257584,-0.007376422174274921,-0.054645147174596786,-0.007004106417298317,0.0630519837141037,-0.059808146208524704,0.06799967586994171,0.0016666222363710403,-0.03243693336844444,3.213784657418728e-05,0.07554983347654343,-0.11177997291088104,0.05913639813661575,-0.023319873958826065,-0.008523551747202873,-0.04825262352824211,-0.03006836585700512,-0.15685556828975677,-0.0861121118068695,0.10510070621967316,-0.24925392866134644,0.27553442120552063,0.21096991002559662,0.07676032185554504,0.10815085470676422,0.08996444195508957,-0.028770877048373222,0.010422566905617714,-0.08325023949146271,-0.23204335570335388,0.00020403158850967884,0.14403904974460602,-0.041483864188194275,0.10689947009086609,-0.05142746865749359
-0.06194301322102547,0.09015865623950958,0.10627380013465881,-0.06991934776306152,-0.06430090963840485,-0.09290910512208939,-0.015202146023511887,-0.1286398023366928,0.07056014239788055,-0.08198277652263641,0.34389764070510864,-0.0642845407128334,-0.23648269474506378,-0.16077901422977448,-0.032734476029872894,0.15349319577217102,-0.14429502189159393,-0.09914004057645798,0.008963307365775108,0.0010413480922579765,0.10296995937824249,-0.009748606011271477,0.029623232781887054,0.04643678665161133,-0.04321826994419098,-0.37910720705986023,-0.11857488751411438,-0.12782372534275055,0.048205554485321045,-0.08385252952575684,0.02390850894153118,0.011743235401809216,-0.24197213351726532,-0.029519159346818924,-0.0440763458609581,-0.022841665893793106,-0.06479694694280624,-0.03169192001223564,0.22171714901924133,0.019668422639369965,-0.2089127153158188,-0.01701495051383972,-0.023000676184892654,0.21388132870197296,0.1494596004486084,0.05080420896410942,0.051122285425662994,-0.07613265514373779,0.04554378241300583,-0.15840290486812592,0.06772178411483765,0.1199372187256813,0.1519046425819397,0.004826418124139309,-0.00042541418224573135,-0.17382685840129852,-0.021318739280104637,0.06510654091835022,-0.2535030245780945,0.0427132286131382,0.013284413143992424,-0.0806802362203598,-0.04573129490017891,-0.053028497844934464,0.25829753279685974,0.06232389807701111,-0.1327947974205017,-0.12355159968137741,0.19170157611370087,-0.1438080221414566,-0.009493298828601837,0.10317068547010422,-0.17238759994506836,-0.1914011687040329,-0.31884482502937317,0.07329262793064117,0.3554883301258087,0.07366906851530075,-0.1620968133211136,0.01953057572245598,-0.0741700530052185,0.0009960583411157131,0.08600236475467682,0.11199122667312622,-0.014128673821687698,0.03921162337064743,-0.0554233193397522,0.03963708132505417,0.09813635051250458,-0.10456260293722153,-0.09046706557273865,0.23219738900661469,-0.09295295178890228,0.12263218313455582,-0.014745444990694523,-0.03691096603870392,8.404254913330078e-05,0.036729417741298676,-0.06500866264104843,0.050282254815101624,-0.008646451868116856,-0.037244390696287155,-0.008387172594666481,0.0922069177031517,-0.11781288683414459,0.05252839997410774,0.008325416594743729,-0.004440057557076216,-0.050178252160549164,-0.0036518084816634655,-0.15211345255374908,-0.09333115816116333,0.10750266164541245,-0.2759588360786438,0.2957592308521271,0.18982015550136566,0.02600281313061714,0.10347813367843628,0.10259148478507996,0.012150688096880913,0.019870446994900703,-0.10943436622619629,-0.20964963734149933,0.016728073358535767,0.14705175161361694,-0.05186750367283821,0.1071820929646492,-0.028665684163570404
-0.06516437977552414,0.09750164300203323,0.09004483371973038,-0.05151567608118057,-0.07667013257741928,-0.08436338603496552,-0.02467210777103901,-0.13302677869796753,0.07881791144609451,-0.08485765755176544,0.3353992700576782,-0.0682160034775734,-0.2325403094291687,-0.14073973894119263,-0.04082084819674492,0.1592286229133606,-0.15387043356895447,-0.09889627248048782,-0.011638326570391655,0.0019207950681447983,0.09700354933738708,-0.0004028253024443984,0.03491837531328201,0.03607134148478508,-0.027320612221956253,-0.38474607467651367,-0.10598217695951462,-0.12354905903339386,0.04982614144682884,-0.0966416448354721,0.010338456369936466,-0.008863753639161587,-0.24293342232704163,-0.030853429809212685,-0.05293843150138855,-0.03738146275281906,-0.07712852954864502,-0.03517600893974304,0.22882886230945587,0.007398814894258976,-0.21092262864112854,-0.0038709333166480064,-0.021242909133434296,0.20974764227867126,0.1513761281967163,0.06504456698894501,0.039390940219163895,-0.0833812803030014,0.050929807126522064,-0.15155597031116486,0.054433394223451614,0.12237118929624557,0.14504168927669525,-0.005334572866559029,-0.013917595148086548,-0.16518568992614746,-0.032224468886852264,0.04975885897874832,-0.2307981550693512,0.03420085087418556,0.04166429862380028,-0.07749700546264648,-0.05660337954759598,-0.06618788093328476,0.25962337851524353,0.04733279347419739,-0.12486984580755234,-0.11976833641529083,0.17461836338043213,-0.14645807445049286,-0.008709150366485119,0.08873467147350311,-0.16006681323051453,-0.2018762081861496,-0.30071642994880676,0.060864873230457306,0.35556668043136597,0.06062446907162666,-0.1554863303899765,0.0190734900534153,-0.06317657232284546,-0.001313797663897276,0.08832639455795288,0.10561495274305344,-0.014292426407337189,0.036276254802942276,-0.068374864757061,0.04100625216960907,0.11549144238233566,-0.1137872189283371,-0.07736770808696747,0.22516858577728271,-0.08280214667320251,0.11530564725399017,-0.01736464351415634,-0.036113254725933075,-0.0005822926759719849,0.04292153939604759,-0.06383708864450455,0.06602238118648529,-0.004336418583989143,-0.033892348408699036,-0.015498130582273006,0.0721786692738533,-0.10162942111492157,0.06347598135471344,0.007050796877592802,0.005986678414046764,-0.04256065562367439,-0.011704530566930771,-0.15679486095905304,-0.09606533497571945,0.11426971107721329,-0.25807374715805054,0.286945641040802,0.18126119673252106,0.033315688371658325,0.10788972675800323,0.09801467508077621,0.025891462340950966,0.009143263101577759,-0.07897580415010452,-0.2356526255607605,0.004455342888832092,0.14486445486545563,-0.05054925009608269,0.11281902343034744,-0.018862983211874962
-0.08562895655632019,0.09173236042261124,0.10289662331342697,-0.030724260956048965,-0.09635902941226959,-0.09256528317928314,-0.04146327078342438,-0.12754806876182556,0.07688368856906891,-0.06963622570037842,0.3394717574119568,-0.06164965033531189,-0.23763640224933624,-0.14795687794685364,-0.053418491035699844,0.17796272039413452,-0.15410925447940826,-0.08401603251695633,0.009269993752241135,-0.0022246884182095528,0.13472582399845123,-0.006286402698606253,0.03856908157467842,0.02554691582918167,-0.022219154983758926,-0.38260746002197266,-0.10995674133300781,-0.11993184685707092,0.03419824689626694,-0.10335294157266617,-0.00324916560202837,-0.002824881812557578,-0.21943169832229614,-0.04125416278839111,-0.03820134699344635,-0.042840391397476196,-0.049843017011880875,-0.04366208240389824,0.2204926460981369,-0.02063624933362007,-0.22668761014938354,-0.01279553584754467,0.012328420765697956,0.19321492314338684,0.1583307534456253,0.06563770771026611,0.028327442705631256,-0.09155870974063873,0.06579750031232834,-0.14165888726711273,0.0773838460445404,0.11397048085927963,0.1512327939271927,0.00967100728303194,-0.022677604109048843,-0.16795720160007477,-0.025082822889089584,0.08266270905733109,-0.24839161336421967,0.0199558287858963,0.055938247591257095,-0.10204514116048813,-0.06475934386253357,-0.06101258844137192,0.2491324245929718,0.09264597296714783,-0.11943546682596207,-0.1448749601840973,0.17481060326099396,-0.13187095522880554,-0.02330537885427475,0.08016888797283173,-0.17988649010658264,-0.19777080416679382,-0.30416426062583923,0.056175485253334045,0.3655921220779419,0.055162396281957626,-0.16564953327178955,0.009835632517933846,-0.04953404888510704,0.006724824663251638,0.09688404947519302,0.11700074374675751,-0.002676967531442642,0.018617309629917145,-0.06376029551029205,0.03288503363728523,0.10474473983049393,-0.10690304636955261,-0.08353250473737717,0.2188381552696228,-0.0693327859044075,0.11495403200387955,-0.010354273021221161,-0.014245636761188507,0.006219442933797836,0.05394113063812256,-0.07409302145242691,0.051617830991744995,-0.011355582624673843,-0.028406281024217606,-0.008474547415971756,0.06921044737100601,-0.10435748100280762,0.06267249584197998,0.013634396716952324,0.023682978004217148,-0.04784683510661125,-0.03607303649187088,-0.12508457899093628,-0.06809903681278229,0.09684529155492783,-0.24809986352920532,0.31071218848228455,0.16284961998462677,0.051949404180049896,0.12693001329898834,0.0816783532500267,0.03658733889460564,0.021406399086117744,-0.10913556814193726,-0.23495368659496307,0.017941899597644806,0.15461112558841705,-0.05444386973977089,0.12335386872291565,-0.00852768775075674
-0.09872009605169296,0.08996747434139252,0.09545718878507614,-0.0728822872042656,-0.10685965418815613,-0.11842769384384155,-0.052111752331256866,-0.1407633125782013,0.0460810586810112,-0.08742782473564148,0.3465956747531891,-0.08392209559679031,-0.19743694365024567,-0.14967839419841766,-0.06174752861261368,0.1589931696653366,-0.1471998691558838,-0.09487874805927277,-0.01704305037856102,0.002178845927119255,0.10577449202537537,-0.01561940461397171,0.01972169801592827,0.05596983805298805,-0.01341945119202137,-0.3704361915588379,-0.10244947671890259,-0.11653704196214676,0.03152277320623398,-0.09969791769981384,-0.001978473737835884,-0.00972169078886509,-0.23043721914291382,-0.051718346774578094,-0.03639382869005203,-0.004361043684184551,-0.06587164103984833,-0.038125842809677124,0.2030664086341858,-0.023961659520864487,-0.22671134769916534,-0.0032923496328294277,0.008519704453647137,0.1916477531194687,0.15896211564540863,0.04656317085027695,0.036738425493240356,-0.11515035480260849,0.07121429592370987,-0.145349383354187,0.06308150291442871,0.12729811668395996,0.13170334696769714,-0.015169516205787659,-0.007655937224626541,-0.1481800377368927,-0.030022867023944855,0.08924919366836548,-0.21987010538578033,0.03277352452278137,0.04751017317175865,-0.0826774314045906,-0.07055607438087463,-0.10215720534324646,0.22673439979553223,0.07822980731725693,-0.11864499747753143,-0.14142030477523804,0.18904313445091248,-0.14336642622947693,-0.021324336528778076,0.09663563221693039,-0.1517236828804016,-0.21545593440532684,-0.28054508566856384,0.05638818442821503,0.3662925362586975,0.07883084565401077,-0.1631162464618683,0.02296069636940956,-0.07045949995517731,-0.02403745800256729,0.07976905256509781,0.10511154681444168,-0.00033950991928577423,0.046744171530008316,-0.0644223690032959,0.03845662623643875,0.12272199988365173,-0.10293557494878769,-0.04206617549061775,0.22861365973949432,-0.07423576712608337,0.10813187062740326,0.004456480965018272,-0.032593268901109695,-0.019256291911005974,0.050825223326683044,-0.09000567346811295,0.04418804123997688,-0.012961985543370247,-0.05989038571715355,-0.017036614939570427,0.05649581924080849,-0.10098700225353241,0.058439742773771286,0.00421370193362236,0.014209993183612823,-0.050333667546510696,-0.032115787267684937,-0.12127884477376938,-0.09499890357255936,0.12387633323669434,-0.21794253587722778,0.2786062955856323,0.17052534222602844,0.07486303150653839,0.1218884289264679,0.12347917258739471,0.030108055099844933,0.02600909397006035,-0.11163107305765152,-0.2246311604976654,0.027320481836795807,0.13693758845329285,-0.06218354031443596,0.10506885498762131,-0.018733277916908264
-0.06370307505130768,0.09245484322309494,0.06557192653417587,-0.07744494825601578,-0.10358810424804688,-0.09835449606180191,-0.04704959690570831,-0.12606804072856903,0.06421220302581787,-0.08679287880659103,0.34115850925445557,-0.07296028733253479,-0.2334875911474228,-0.13832791149616241,-0.07718920707702637,0.16712595522403717,-0.15989349782466888,-0.10174486041069031,-0.01006261259317398,0.01847171038389206,0.13261151313781738,-0.010029382072389126,0.011609623208642006,0.05713305622339249,-0.04862078279256821,-0.34911635518074036,-0.10070298612117767,-0.08394022285938263,0.022659659385681152,-0.09268598258495331,-0.019047383219003677,0.00011711909610312432,-0.24396912753582,-0.0862252339720726,-0.0038802819326519966,0.008245939388871193,-0.06572076678276062,-0.07421925663948059,0.20143114030361176,-0.004302734509110451,-0.23963309824466705,0.017985746264457703,0.03546176105737686,0.2113884836435318,0.13975735008716583,0.056283388286828995,0.034130070358514786,-0.13475476205348969,0.08317776024341583,-0.15645495057106018,0.07178417593240738,0.12212008237838745,0.1401718556880951,-0.004797639325261116,-0.01326301135122776,-0.15872474014759064,-0.007381797768175602,0.12556089460849762,-0.23096024990081787,0.03411083295941353,0.05497691407799721,-0.09033438563346863,-0.032321665436029434,-0.1131805032491684,0.211991086602211,0.07575558871030807,-0.11198177188634872,-0.15297068655490875,0.17879362404346466,-0.14120349287986755,-0.048120129853487015,0.10100418329238892,-0.14395859837532043,-0.21584412455558777,-0.3097638487815857,0.043306998908519745,0.37126657366752625,0.1051829531788826,-0.1585853397846222,0.02419569529592991,-0.027792828157544136,-0.01606592908501625,0.11148646473884583,0.13401180505752563,0.0061285607516765594,0.04721458628773689,-0.07058852165937424,0.038354236632585526,0.1633455604314804,-0.08697962015867233,-0.07561909407377243,0.22289937734603882,-0.06171102076768875,0.10123033076524734,0.021392960101366043,-0.024768657982349396,-0.04315882921218872,0.050680458545684814,-0.1103626936674118,0.039471786469221115,-0.01462754886597395,-0.046329155564308167,-0.020411185920238495,0.09165921807289124,-0.08756206184625626,0.03946681320667267,-0.007244328036904335,-0.004043377935886383,-0.04894595593214035,-0.03963236138224602,-0.11992993950843811,-0.08612820506095886,0.09861944615840912,-0.22638501226902008,0.2787768244743347,0.16308125853538513,0.08282306045293808,0.10774458199739456,0.13363713026046753,0.019567668437957764,0.035088371485471725,-0.10983708500862122,-0.23801252245903015,-0.001302451710216701,0.15332934260368347,-0.06450366228818893,0.16191361844539642,-0.0404183566570282
-0.06724759936332703,0.10472428798675537,0.06591273099184036,-0.08008869737386703,-0.11490753293037415,-0.1048516109585762,-0.05851978063583374,-0.1281404346227646,0.0615239255130291,-0.07431289553642273,0.33521556854248047,-0.06589511781930923,-0.22559259831905365,-0.1512371301651001,-0.06291434168815613,0.16666606068611145,-0.15488213300704956,-0.09760718047618866,-0.0098195755854249,0.015409091487526894,0.1236615851521492,-0.0041242060251533985,0.023791836574673653,0.06020734831690788,-0.04630429670214653,-0.35252276062965393,-0.08432663977146149,-0.0935027077794075,0.026398777961730957,-0.08524508774280548,-0.012176578864455223,-0.008813027292490005,-0.23419946432113647,-0.08179652690887451,-0.0032756151631474495,0.0018498562276363373,-0.07270380854606628,-0.06779369711875916,0.20864257216453552,-0.009345648810267448,-0.24281348288059235,0.009067917242646217,0.036715105175971985,0.20304657518863678,0.14345413446426392,0.05166123807430267,0.051189132034778595,-0.14263814687728882,0.08548439294099808,-0.14991077780723572,0.0722663402557373,0.12510506808757782,0.12717461585998535,-0.014293252490460873,-0.004834271967411041,-0.15686583518981934,-0.008713457733392715,0.11611419171094894,-0.2299114316701889,0.036966025829315186,0.0689978078007698,-0.08075052499771118,-0.04908399283885956,-0.113495834171772,0.21902617812156677,0.068766288459301,-0.11185719072818756,-0.15423233807086945,0.17523778975009918,-0.13660234212875366,-0.051628001034259796,0.10921645164489746,-0.13846245408058167,-0.21272338926792145,-0.30296123027801514,0.04033298417925835,0.3608292043209076,0.10081176459789276,-0.15842357277870178,0.019184591248631477,-0.03783343732357025,-0.02000221610069275,0.10536687821149826,0.12285353988409042,0.007036590948700905,0.03519951179623604,-0.07304611057043076,0.037624187767505646,0.16057774424552917,-0.09354070574045181,-0.05601194128394127,0.2267310619354248,-0.04742831364274025,0.09873136132955551,0.008397210389375687,-0.017743878066539764,-0.051723890006542206,0.061721496284008026,-0.10318240523338318,0.038637980818748474,0.0039050085470080376,-0.047710712999105453,-0.0035891118459403515,0.08260176330804825,-0.0991813987493515,0.046485643833875656,-0.002577689941972494,-0.0005286214873194695,-0.038264039903879166,-0.039615899324417114,-0.1202862337231636,-0.09108666330575943,0.10496919602155685,-0.21168288588523865,0.2866061329841614,0.15697869658470154,0.0950653925538063,0.10468969494104385,0.1357351392507553,0.020821483805775642,0.03175990283489227,-0.11405059695243835,-0.22998659312725067,0.003459871280938387,0.14044226706027985,-0.06993898749351501,0.15176650881767273,-0.029281029477715492
-0.07128454744815826,0.09549976885318756,0.0604180246591568,-0.08401626348495483,-0.11050131171941757,-0.1005791425704956,-0.060087524354457855,-0.11939895898103714,0.054955098778009415,-0.08610029518604279,0.34186071157455444,-0.06662386655807495,-0.23186828196048737,-0.14888378977775574,-0.07870902866125107,0.16960462927818298,-0.15422195196151733,-0.09612295031547546,-0.012480405159294605,0.02116917073726654,0.13452012836933136,-0.0039035924710333347,0.02221263386309147,0.05166705697774887,-0.05744292214512825,-0.3590659201145172,-0.09145129472017288,-0.08698123693466187,0.013617992401123047,-0.08648328483104706,-0.017809804528951645,-0.00022374789114110172,-0.23931464552879333,-0.0814446359872818,-0.003178603947162628,0.007553618401288986,-0.06260011345148087,-0.05980546399950981,0.19639825820922852,0.008747193031013012,-0.24814239144325256,0.015980113297700882,0.027144860476255417,0.21343757212162018,0.1426324099302292,0.056053824722766876,0.04745519161224365,-0.13342337310314178,0.07829343527555466,-0.15919987857341766,0.07014847546815872,0.12003058940172195,0.13641248643398285,-0.011500896885991096,-0.010411943309009075,-0.14574453234672546,-0.0037901941686868668,0.12780600786209106,-0.23232866823673248,0.02323061041533947,0.05496041476726532,-0.08360634744167328,-0.035686299204826355,-0.10962974280118942,0.2142583727836609,0.076473169028759,-0.1134553998708725,-0.1456361562013626,0.17890611290931702,-0.1370408535003662,-0.05247354507446289,0.09698076546192169,-0.14205573499202728,-0.21742047369480133,-0.3148370683193207,0.04194856435060501,0.3626518249511719,0.11447145789861679,-0.15787826478481293,0.022278521209955215,-0.03160189837217331,-0.009453697130084038,0.11238595098257065,0.12612590193748474,0.0029435250908136368,0.05116557702422142,-0.06302487850189209,0.0380605049431324,0.15980657935142517,-0.09215248376131058,-0.07225386798381805,0.22440651059150696,-0.051063600927591324,0.10330838710069656,0.022846395149827003,-0.024612803012132645,-0.041822224855422974,0.049824535846710205,-0.10524172335863113,0.043835218995809555,-0.014742311090230942,-0.04860609769821167,-0.01142272911965847,0.0863511860370636,-0.09335679560899734,0.04287826642394066,-0.00904102437198162,-0.007523755542933941,-0.04893360286951065,-0.03363114967942238,-0.11166287213563919,-0.09100256860256195,0.08912435173988342,-0.21896801888942719,0.2799369990825653,0.1733126938343048,0.08773521333932877,0.1123051866889,0.1422094851732254,0.009024380706250668,0.032625049352645874,-0.10914862900972366,-0.22798454761505127,-0.006544522009789944,0.15320509672164917,-0.06524969637393951,0.16084744036197662,-0.040302824229002
-0.0800447016954422,0.10063046216964722,0.06481489539146423,-0.06896109879016876,-0.08962265402078629,-0.10537514090538025,-0.047984182834625244,-0.12792977690696716,0.06730812042951584,-0.0909755676984787,0.3411640524864197,-0.07531262189149857,-0.22867479920387268,-0.14332686364650726,-0.06180678308010101,0.17745079100131989,-0.17034682631492615,-0.09765671193599701,-0.014696740545332432,0.021430600434541702,0.12334989011287689,-0.012573977932333946,0.01873912662267685,0.06489820778369904,-0.0493195578455925,-0.36160343885421753,-0.0962652787566185,-0.09660438448190689,0.011741872876882553,-0.08598658442497253,-0.01353160385042429,0.0037126499228179455,-0.23234084248542786,-0.07640933245420456,-0.011565121822059155,0.01022770069539547,-0.06745602935552597,-0.04840991646051407,0.19574186205863953,0.011308569461107254,-0.24015599489212036,0.012324143201112747,0.025481294840574265,0.22620633244514465,0.15283775329589844,0.060735493898391724,0.04452987760305405,-0.12480687350034714,0.07745857536792755,-0.15842638909816742,0.05798642709851265,0.10910598188638687,0.15517303347587585,0.0031628496944904327,-0.01345255970954895,-0.16180801391601562,-0.009096688590943813,0.11936669051647186,-0.23720282316207886,0.03671984747052193,0.04257960617542267,-0.09082117676734924,-0.032370273023843765,-0.08588378131389618,0.23949454724788666,0.08130495250225067,-0.126536563038826,-0.14042627811431885,0.1687723994255066,-0.14086250960826874,-0.049639709293842316,0.10271400958299637,-0.15235601365566254,-0.22489005327224731,-0.3228224515914917,0.04680633544921875,0.36873623728752136,0.0862673968076706,-0.15954113006591797,0.01571357622742653,-0.020977549254894257,-0.016233336180448532,0.10712247341871262,0.15643317997455597,-0.0015310440212488174,0.043031468987464905,-0.05600971728563309,0.034458182752132416,0.15281862020492554,-0.09450331330299377,-0.08148109912872314,0.21932803094387054,-0.06436106562614441,0.10245221853256226,0.007447142153978348,-0.029800888150930405,-0.02749726176261902,0.052090853452682495,-0.09937137365341187,0.036256592720746994,-0.02393549121916294,-0.04057246446609497,-0.021843016147613525,0.07218722254037857,-0.09483569860458374,0.04331032186746597,-0.00014076451770961285,-0.004257689695805311,-0.05385561287403107,-0.029808858409523964,-0.11999349296092987,-0.08780808746814728,0.09687960147857666,-0.23898182809352875,0.28431805968284607,0.187881201505661,0.0794309750199318,0.11181455105543137,0.12017308920621872,0.009731555357575417,0.04031985625624657,-0.08806590735912323,-0.22099313139915466,0.012184393592178822,0.16090267896652222,-0.06395469605922699,0.1535133421421051,-0.047002580016851425
-0.0787145346403122,0.13396307826042175,0.08841872215270996,-0.06615252047777176,-0.09643905609846115,-0.09151892364025116,-0.03215941786766052,-0.136185422539711,0.07502201199531555,-0.047731913626194,0.34544137120246887,-0.060113031417131424,-0.21911653876304626,-0.1432497352361679,-0.05058370158076286,0.15131548047065735,-0.16460742056369781,-0.08272131532430649,-0.016531433910131454,0.004981154575943947,0.10614583641290665,0.006851574406027794,0.04344742000102997,0.048778094351291656,-0.028173917904496193,-0.377327024936676,-0.09215456992387772,-0.12113206833600998,0.04052131250500679,-0.0910227969288826,0.008509262464940548,0.0033096387051045895,-0.23798108100891113,-0.07573464512825012,-0.03199252858757973,-0.034514881670475006,-0.052524205297231674,-0.017057746648788452,0.22137415409088135,-0.02071291208267212,-0.23102158308029175,0.02250451222062111,0.006595466285943985,0.20765803754329681,0.16805368661880493,0.06594652682542801,0.033413879573345184,-0.08960358053445816,0.06667808443307877,-0.16079933941364288,0.0648045465350151,0.1245879977941513,0.13642702996730804,-0.005045668222010136,-0.020031984895467758,-0.16871647536754608,-0.043741486966609955,0.05457095801830292,-0.20803791284561157,0.02018526755273342,0.05167143791913986,-0.08898934721946716,-0.03416498377919197,-0.07259596139192581,0.2289719432592392,0.042317431420087814,-0.12081784009933472,-0.12334645539522171,0.1525178700685501,-0.1213616207242012,-0.0055382391437888145,0.11364727467298508,-0.1623123586177826,-0.19481921195983887,-0.2966613471508026,0.08102539926767349,0.36936089396476746,0.053090352565050125,-0.15545304119586945,0.0004385109059512615,-0.08376862853765488,-0.0009998888708651066,0.06890872865915298,0.08819849789142609,0.0017674937844276428,0.01730496808886528,-0.07058794051408768,0.051008548587560654,0.12808065116405487,-0.11761308461427689,-0.06988157331943512,0.24601399898529053,-0.07212330400943756,0.12954342365264893,-0.01717078685760498,0.01514972373843193,-0.011768250726163387,0.06448269635438919,-0.06961081176996231,0.08843608945608139,0.015037640929222107,-0.032429225742816925,-0.008483822457492352,0.08029533177614212,-0.11740513145923615,0.05211547762155533,-0.0009350597392767668,0.022076139226555824,-0.04134726896882057,-0.021296780556440353,-0.1227356418967247,-0.09313435107469559,0.1209796741604805,-0.2390918880701065,0.30594104528427124,0.1811702698469162,0.0258672833442688,0.1086779460310936,0.09706525504589081,0.007371223531663418,0.024299290031194687,-0.0996733009815216,-0.21333332359790802,-0.0008140309364534914,0.15637081861495972,-0.059199199080467224,0.10469286888837814,-0.017623066902160645
-0.06993872672319412,0.10518842935562134,0.08803242444992065,-0.0825897753238678,-0.08127293735742569,-0.08568128198385239,-0.013003851287066936,-0.1354832500219345,0.09037871658802032,-0.07846051454544067,0.3609784245491028,-0.08094936609268188,-0.22311481833457947,-0.1701669991016388,-0.0337684229016304,0.15072248876094818,-0.18219949305057526,-0.07533647119998932,-0.03742280602455139,-0.0024528615176677704,0.10729140043258667,-0.03182901442050934,0.03793543204665184,0.06061774492263794,-0.023062128573656082,-0.38822564482688904,-0.11275073885917664,-0.1457957625389099,0.04796076938509941,-0.0899662896990776,-0.019827792420983315,-0.0027386529836803675,-0.21885937452316284,-0.09350433945655823,-0.0502488799393177,-0.021685890853405,-0.05927909165620804,-0.03520679846405983,0.19433775544166565,-0.013353265821933746,-0.20793548226356506,0.032734114676713943,-0.018771827220916748,0.20579785108566284,0.1634218841791153,0.0514838844537735,0.059425026178359985,-0.08646515011787415,0.0794304758310318,-0.14388354122638702,0.05274445191025734,0.11795330792665482,0.16350631415843964,0.004558412823826075,-0.0007041953504085541,-0.17047514021396637,-0.03286251053214073,0.07237808406352997,-0.2136758267879486,0.045436661690473557,0.04731811210513115,-0.08668047934770584,-0.040809568017721176,-0.06335491687059402,0.19987832009792328,0.051622290164232254,-0.11879090964794159,-0.1400364637374878,0.15886253118515015,-0.12214340269565582,0.009729227982461452,0.11657269299030304,-0.1901913583278656,-0.21023546159267426,-0.28629612922668457,0.0747748389840126,0.3730922341346741,0.07883895188570023,-0.15993277728557587,-0.024969525635242462,-0.10630323737859726,0.0005460851825773716,0.07343748956918716,0.10111774504184723,0.008662009611725807,0.0401344858109951,-0.08528213202953339,0.05628585442900658,0.09025625139474869,-0.12363593280315399,-0.06348612159490585,0.2584482431411743,-0.06424209475517273,0.11968114227056503,-0.02092166431248188,-0.011621776968240738,-0.021358346566557884,0.06738297641277313,-0.0714212954044342,0.07048604637384415,0.007234998978674412,-0.0520864799618721,-0.01606505736708641,0.038600899279117584,-0.11192137002944946,0.048363905400037766,-0.002198125934228301,0.028365127742290497,-0.06309254467487335,-0.0396374948322773,-0.12277290225028992,-0.07561403512954712,0.1345476657152176,-0.25006571412086487,0.25368690490722656,0.22438500821590424,0.05679779499769211,0.10927760601043701,0.09082625061273575,-0.0058087436482310295,0.023635417222976685,-0.11862797290086746,-0.21749188005924225,0.024071818217635155,0.13025037944316864,-0.03735500946640968,0.0815052017569542,-0.03140309453010559
-0.06633017957210541,0.1083097979426384,0.08579525351524353,-0.08324393630027771,-0.08913400769233704,-0.08335062861442566,-0.015321971848607063,-0.13420651853084564,0.0842084288597107,-0.07315891236066818,0.3640593886375427,-0.07961099594831467,-0.2320239543914795,-0.1627608686685562,-0.03740244358778,0.1514899581670761,-0.1786162406206131,-0.08385121077299118,-0.03000630810856819,0.00018411967903375626,0.1050553172826767,-0.03133537247776985,0.034680187702178955,0.05575060844421387,-0.04376578330993652,-0.3965606987476349,-0.10158046334981918,-0.14333035051822662,0.03183608129620552,-0.09146381169557571,-0.008520154282450676,0.001858558738604188,-0.22805318236351013,-0.07866071909666061,-0.04478368163108826,-0.02768683061003685,-0.05593555420637131,-0.04122556000947952,0.20481964945793152,-0.013051405549049377,-0.21701858937740326,0.03655318170785904,-0.007505225948989391,0.20909079909324646,0.16240324079990387,0.04832467809319496,0.05436893552541733,-0.07956419885158539,0.07364966720342636,-0.15162071585655212,0.05686736851930618,0.11300913244485855,0.15974584221839905,-0.012775412760674953,-0.001322091557085514,-0.17030835151672363,-0.03635041415691376,0.0775996595621109,-0.22917936742305756,0.04301787167787552,0.0348174050450325,-0.0810868889093399,-0.042683787643909454,-0.06362096220254898,0.20615676045417786,0.05711253732442856,-0.11901409178972244,-0.12366385757923126,0.15776121616363525,-0.12200774252414703,0.014847779646515846,0.11410944163799286,-0.19094218313694,-0.22215169668197632,-0.2875933051109314,0.07546468079090118,0.38085344433784485,0.07568618655204773,-0.16211560368537903,-0.021789636462926865,-0.08625897020101547,-0.0008523841388523579,0.08360836654901505,0.09105993062257767,0.004987463355064392,0.024432815611362457,-0.07962846755981445,0.06773872673511505,0.11297834664583206,-0.11726351827383041,-0.07580623775720596,0.25736308097839355,-0.07229073345661163,0.10534442216157913,-0.023527884855866432,-0.017723113298416138,-0.012959984131157398,0.06341380625963211,-0.07225757092237473,0.07034507393836975,0.01088953297585249,-0.053010981529951096,-0.02098280005156994,0.05098164826631546,-0.1266229897737503,0.02581590786576271,0.003031957196071744,0.012673765420913696,-0.05491244047880173,-0.032067637890577316,-0.1305960863828659,-0.08140158653259277,0.1321859210729599,-0.2556290924549103,0.26658666133880615,0.22140759229660034,0.052703119814395905,0.10758664458990097,0.08748166263103485,-0.026227671653032303,0.0345478355884552,-0.1169268935918808,-0.2161504179239273,0.018293628469109535,0.14207594096660614,-0.04177036136388779,0.10283011943101883,-0.036323606967926025
-0.07655259966850281,0.12547414004802704,0.09090127795934677,-0.06477830559015274,-0.09803570061922073,-0.09297056496143341,-0.02308439090847969,-0.13557900488376617,0.08726785331964493,-0.0742611214518547,0.3752647042274475,-0.07135623693466187,-0.23259051144123077,-0.16181029379367828,-0.033212777227163315,0.1637282818555832,-0.18282584846019745,-0.07783647626638412,-0.016988832503557205,-0.009231125004589558,0.10410662740468979,-0.027695750817656517,0.04304341971874237,0.05273662507534027,-0.033407535403966904,-0.39076587557792664,-0.09965530782938004,-0.14971669018268585,0.02141229435801506,-0.08431874215602875,-0.001809544861316681,-0.007749209180474281,-0.21874462068080902,-0.09105291962623596,-0.044214021414518356,-0.04544386267662048,-0.05813538655638695,-0.031300581991672516,0.20859190821647644,-0.026612671092152596,-0.21678704023361206,0.03714483231306076,-0.0032663745805621147,0.21238429844379425,0.1475275158882141,0.05072867497801781,0.05608544498682022,-0.08032245188951492,0.07920385897159576,-0.14506006240844727,0.057586267590522766,0.10805331915616989,0.16983920335769653,-0.018695103004574776,-0.0063558779656887054,-0.16505037248134613,-0.02959379181265831,0.07281586527824402,-0.2249634861946106,0.03428783267736435,0.05392676219344139,-0.07694634795188904,-0.03763645142316818,-0.04802572727203369,0.22217391431331635,0.062061816453933716,-0.10976450145244598,-0.13209255039691925,0.14611472189426422,-0.11039870977401733,0.004870453849434853,0.11777283996343613,-0.19596721231937408,-0.21498709917068481,-0.2913568615913391,0.07718101143836975,0.38304972648620605,0.051738955080509186,-0.14570088684558868,-0.022326016798615456,-0.08871126919984818,0.0037649907171726227,0.07281080633401871,0.08903799206018448,-0.0031727906316518784,0.013231562450528145,-0.08458911627531052,0.06565572321414948,0.10934675484895706,-0.12756703794002533,-0.0799860879778862,0.25418445467948914,-0.06313282251358032,0.10779878497123718,-0.02438608929514885,-0.013149471022188663,-0.012537485919892788,0.0698048546910286,-0.060844115912914276,0.07454889267683029,0.018504954874515533,-0.047103773802518845,-0.016161341220140457,0.049100957810878754,-0.13551318645477295,0.020384322851896286,-0.00759821105748415,0.02576429396867752,-0.05172709375619888,-0.019654199481010437,-0.12837272882461548,-0.08515315502882004,0.12255952507257462,-0.24433287978172302,0.2728412449359894,0.20877867937088013,0.048086099326610565,0.10427172482013702,0.08120329678058624,-0.027351507917046547,0.026569105684757233,-0.11188437044620514,-0.21566061675548553,0.018246231600642204,0.14775711297988892,-0.04472152516245842,0.10343734920024872,-0.0292518213391304
-0.05771413818001747,0.10747010260820389,0.08616764843463898,-0.07935294508934021,-0.0869501456618309,-0.07224705070257187,-0.014857270754873753,-0.13503137230873108,0.10548851639032364,-0.09099452197551727,0.37723803520202637,-0.07059943675994873,-0.22024261951446533,-0.1649753898382187,-0.024992676451802254,0.15652357041835785,-0.1827092319726944,-0.08706320077180862,-0.029924483969807625,-0.026910681277513504,0.10164308547973633,-0.02320787124335766,0.03784331679344177,0.0594257228076458,-0.04912186414003372,-0.39764201641082764,-0.09902112931013107,-0.15070027112960815,0.01769689843058586,-0.10890883952379227,0.003727617673575878,0.0018689309945330024,-0.21923591196537018,-0.07213921844959259,-0.04839085787534714,-0.024555128067731857,-0.07623996585607529,-0.04522796720266342,0.2043914645910263,-0.012462967075407505,-0.19722966849803925,0.030203325673937798,-0.022820785641670227,0.21698501706123352,0.1504635065793991,0.03959400951862335,0.04440123587846756,-0.07252778857946396,0.07859813421964645,-0.14749495685100555,0.04009692370891571,0.11232002079486847,0.15332594513893127,-0.00456086453050375,-0.007058463990688324,-0.15239661931991577,-0.028042638674378395,0.07786132395267487,-0.2414991557598114,0.033730536699295044,0.028951428830623627,-0.10348740220069885,-0.05171080306172371,-0.057819027453660965,0.20908188819885254,0.0716850683093071,-0.10863954573869705,-0.135406494140625,0.14702993631362915,-0.12004934251308441,-0.0037705814465880394,0.10956276208162308,-0.19503913819789886,-0.2271026074886322,-0.2816547751426697,0.07108332216739655,0.3791656196117401,0.06403333693742752,-0.15067386627197266,-0.026495346799492836,-0.07411208003759384,-0.003549332730472088,0.06914686411619186,0.08808595687150955,-0.006370095536112785,0.026903711259365082,-0.0784180760383606,0.08387857675552368,0.104909747838974,-0.11916162073612213,-0.08371725678443909,0.25813600420951843,-0.07917523384094238,0.1093786433339119,-0.01809641346335411,-0.028109634295105934,-0.007255395874381065,0.08040399849414825,-0.07132875919342041,0.06954383850097656,0.01462580543011427,-0.05125948786735535,-0.015467866323888302,0.03865678980946541,-0.13050471246242523,0.043436016887426376,-0.002320597879588604,0.0095114316791296,-0.05638912320137024,-0.03077896684408188,-0.1452893763780594,-0.07644172757863998,0.1437273770570755,-0.25932618975639343,0.2610473930835724,0.2294900268316269,0.07081339508295059,0.11872963607311249,0.07730572670698166,-0.03204011917114258,0.02254989743232727,-0.11622770875692368,-0.23081007599830627,0.029751483350992203,0.13930529356002808,-0.03373914211988449,0.09593794494867325,-0.03652569279074669
-0.048559773713350296,0.10260472446680069,0.08335214853286743,-0.08668887615203857,-0.08567071706056595,-0.07119272649288177,-0.008998502045869827,-0.11324421316385269,0.11962808668613434,-0.0881742388010025,0.38146838545799255,-0.06179070845246315,-0.2421303689479828,-0.1387561410665512,-0.04225170612335205,0.15379464626312256,-0.19162006676197052,-0.07521500438451767,-0.03045927733182907,0.005308313295245171,0.11270903795957565,-0.04378991946578026,0.02686041221022606,0.0488162599503994,-0.05432591587305069,-0.39341089129447937,-0.09836997091770172,-0.12697191536426544,0.00940123200416565,-0.09621056169271469,0.002053953241556883,0.007635113317519426,-0.22109492123126984,-0.08403252065181732,-0.05528312921524048,-0.024590805172920227,-0.06749020516872406,-0.03972209244966507,0.1990620642900467,0.0025557931512594223,-0.21446020901203156,0.0530625618994236,-0.02775101363658905,0.2287272810935974,0.1576196849346161,0.04303615912795067,0.04563160240650177,-0.07369349896907806,0.07467937469482422,-0.16715340316295624,0.04342915490269661,0.11364820599555969,0.15006530284881592,-0.0004083216190338135,-0.003515164367854595,-0.15483729541301727,-0.020852670073509216,0.08658614009618759,-0.2321353256702423,0.03446178883314133,0.04453011974692345,-0.08951569348573685,-0.02380046248435974,-0.059663910418748856,0.20128579437732697,0.0656202957034111,-0.11311350762844086,-0.13714878261089325,0.14458799362182617,-0.108128622174263,-0.0029634367674589157,0.10661362111568451,-0.19944508373737335,-0.22172904014587402,-0.2911807596683502,0.07381349802017212,0.39380642771720886,0.0739692747592926,-0.14340093731880188,-0.02059737592935562,-0.09454191476106644,-0.002338368445634842,0.08185151219367981,0.07771144807338715,0.014507224783301353,0.019089169800281525,-0.08824294060468674,0.07762639224529266,0.11323358863592148,-0.11332301795482635,-0.09104965627193451,0.25400862097740173,-0.07252556085586548,0.09975836426019669,-0.02134939841926098,-0.01893557608127594,-0.01966194249689579,0.08650939166545868,-0.08495273441076279,0.06796690821647644,0.007332737557590008,-0.05245370790362358,-0.014987814240157604,0.04792522266507149,-0.129791259765625,0.039685819298028946,0.002472046995535493,0.024373212829232216,-0.04245907813310623,-0.012573269195854664,-0.1461513787508011,-0.07155700773000717,0.1324000358581543,-0.26750239729881287,0.27147558331489563,0.22310277819633484,0.0730886310338974,0.0952133759856224,0.0858469232916832,-0.03893103450536728,0.022891215980052948,-0.1033724695444107,-0.22676335275173187,0.020274808630347252,0.11989907920360565,-0.02414187788963318,0.11133209615945816,-0.03119558095932007
-0.0675908774137497,0.11418898403644562,0.0985313281416893,-0.08751793205738068,-0.0994536280632019,-0.0923740416765213,-0.019263094291090965,-0.12044597417116165,0.09915902465581894,-0.07768429815769196,0.37808072566986084,-0.06906408071517944,-0.23453806340694427,-0.16426803171634674,-0.035400982946157455,0.14866703748703003,-0.18307702243328094,-0.09067869186401367,-0.024232152849435806,-0.002254183404147625,0.11972075700759888,-0.036047689616680145,0.015017286874353886,0.053614821285009384,-0.05884644389152527,-0.38837677240371704,-0.08543296158313751,-0.12924623489379883,0.02096519246697426,-0.10996125638484955,0.009900799952447414,0.0012573536951094866,-0.2208140790462494,-0.07921147346496582,-0.0400305837392807,-0.011872461065649986,-0.05624869838356972,-0.0445002056658268,0.19652074575424194,-0.0173000730574131,-0.22790375351905823,0.021746063604950905,-0.019782524555921555,0.20190581679344177,0.1420166790485382,0.04481787234544754,0.044005364179611206,-0.07912155985832214,0.0797678679227829,-0.1646878719329834,0.04668493568897247,0.12655971944332123,0.1460495889186859,-0.000998571515083313,0.005439116153866053,-0.1699753999710083,-0.01554305013269186,0.09145815670490265,-0.24772481620311737,0.02876392751932144,0.03145398199558258,-0.10481910407543182,-0.028631141409277916,-0.06141965463757515,0.19204898178577423,0.05811184644699097,-0.11146870255470276,-0.12778115272521973,0.1520971655845642,-0.11466006934642792,-0.007139928638935089,0.11929795145988464,-0.17355526983737946,-0.22363319993019104,-0.29357028007507324,0.07111402601003647,0.39812615513801575,0.08360213041305542,-0.16001872718334198,-0.02324346825480461,-0.08573999255895615,-0.012242449447512627,0.07544999569654465,0.07629869878292084,-4.8961490392684937e-05,0.02689208835363388,-0.08672976493835449,0.06737445294857025,0.10999291390180588,-0.10002920031547546,-0.07388380169868469,0.24973039329051971,-0.07047524303197861,0.11032070964574814,-0.017220666632056236,-0.020465856418013573,-0.01788477599620819,0.0776473879814148,-0.06030455231666565,0.0645945742726326,0.01608707569539547,-0.06634844839572906,-0.017251253128051758,0.048413071781396866,-0.1389181762933731,0.03760060667991638,0.008525172248482704,0.008463570848107338,-0.06087806075811386,-0.018444377928972244,-0.1273542195558548,-0.07123194634914398,0.13049134612083435,-0.26980695128440857,0.2857508957386017,0.23020236194133759,0.06935306638479233,0.11952614784240723,0.08569780737161636,-0.03821739926934242,0.030046090483665466,-0.13450029492378235,-0.20121219754219055,0.006397012155503035,0.12483695149421692,-0.04350752755999565,0.11031994968652725,-0.03444725647568703
-0.05650366097688675,0.11417645961046219,0.09827353805303574,-0.08671757578849792,-0.10458964109420776,-0.09571359306573868,-0.0075073884800076485,-0.12434098869562149,0.10678966343402863,-0.08278532326221466,0.3834463953971863,-0.06329542398452759,-0.22816932201385498,-0.16086511313915253,-0.02662763185799122,0.16600875556468964,-0.17756733298301697,-0.09487470239400864,-0.03140794485807419,-0.01467212662100792,0.10308130830526352,-0.05077318474650383,0.027596477419137955,0.05412927269935608,-0.04077950119972229,-0.38212770223617554,-0.1005101203918457,-0.13066589832305908,0.016477707773447037,-0.11709992587566376,0.008762209676206112,0.0028772226069122553,-0.22719386219978333,-0.09075157344341278,-0.05306901037693024,-0.027360206469893456,-0.06463000178337097,-0.05615619197487831,0.20336057245731354,-0.020275961607694626,-0.21403653919696808,0.033070530742406845,-0.007863719947636127,0.21001340448856354,0.15183669328689575,0.03358312323689461,0.059279367327690125,-0.07875589281320572,0.07079629600048065,-0.14584675431251526,0.050688110291957855,0.11302287876605988,0.1498604118824005,-0.005558975972235203,-0.00397482980042696,-0.16328822076320648,-0.02225523442029953,0.09451260417699814,-0.22401346266269684,0.04022815078496933,0.0550706721842289,-0.09205127507448196,-0.05090789496898651,-0.06552481651306152,0.21350820362567902,0.0638648048043251,-0.11044047027826309,-0.1358547955751419,0.15061917901039124,-0.10473901033401489,-0.00944923423230648,0.10707934200763702,-0.2031521052122116,-0.21502992510795593,-0.29285743832588196,0.07861407101154327,0.38683655858039856,0.06395585089921951,-0.15477804839611053,-0.02436550334095955,-0.09095461666584015,0.008850332349538803,0.06772667914628983,0.08499199897050858,0.000501951202750206,0.02085840329527855,-0.09151342511177063,0.07644584029912949,0.10954630374908447,-0.1080607995390892,-0.07803113013505936,0.24783600866794586,-0.07160943746566772,0.09509145468473434,-0.027442503720521927,-0.02248269133269787,-0.00968959741294384,0.07741250097751617,-0.07492844760417938,0.06297225505113602,0.019104428589344025,-0.06417866796255112,-0.02597856894135475,0.052499450743198395,-0.13417679071426392,0.019821951165795326,0.0014118177350610495,0.024863332509994507,-0.05694150552153587,-0.014432459138333797,-0.13669486343860626,-0.0837920606136322,0.13087135553359985,-0.250110000371933,0.2724616527557373,0.2320033609867096,0.06150205805897713,0.09719079732894897,0.09021172672510147,-0.01527054701000452,0.026978231966495514,-0.12043509632349014,-0.21296387910842896,0.03092152066528797,0.12798981368541718,-0.030202431604266167,0.10766946524381638,-0.024444935843348503
-0.06232769042253494,0.09940225630998611,0.11828958988189697,-0.08412080258131027,-0.11290579289197922,-0.1021130159497261,-0.007003103382885456,-0.13239726424217224,0.09424937516450882,-0.08678936958312988,0.3788292706012726,-0.059717170894145966,-0.2399083822965622,-0.15570078790187836,-0.04741939157247543,0.15531228482723236,-0.17556637525558472,-0.08827280253171921,-0.02633880451321602,-0.016636468470096588,0.09772830456495285,-0.041198890656232834,0.026858743280172348,0.039356134831905365,-0.029779978096485138,-0.3692018687725067,-0.09731004387140274,-0.12564946711063385,0.026651833206415176,-0.10828699171543121,0.016419321298599243,0.002469064202159643,-0.212283656001091,-0.08690537512302399,-0.04858812689781189,-0.02407458983361721,-0.058718811720609665,-0.05067384988069534,0.20171137154102325,-0.02103792503476143,-0.2140708565711975,0.023512952029705048,-0.010346436873078346,0.21695224940776825,0.15223675966262817,0.038714200258255005,0.04409674182534218,-0.08214375376701355,0.06920627504587173,-0.1638334095478058,0.05559283494949341,0.1083870381116867,0.15688000619411469,-0.007955112494528294,0.0032536815851926804,-0.17152191698551178,-0.014373973943293095,0.09134730696678162,-0.2254934459924698,0.04551856219768524,0.04884613677859306,-0.101414754986763,-0.03296109288930893,-0.04931207001209259,0.22628287971019745,0.05098259076476097,-0.12125024944543839,-0.10754184424877167,0.15829622745513916,-0.10113909840583801,-0.00973865669220686,0.0971919521689415,-0.19239677488803864,-0.20732471346855164,-0.2887520492076874,0.08409930020570755,0.405788391828537,0.07001329958438873,-0.16935588419437408,-0.024091240018606186,-0.09656228125095367,0.007502574473619461,0.07637736201286316,0.0923377275466919,-0.007203402929008007,0.019838817417621613,-0.0915984958410263,0.06259547173976898,0.09979242086410522,-0.11414866149425507,-0.08479537069797516,0.2539907693862915,-0.06341956555843353,0.09939566999673843,-0.01252174936234951,-0.026004895567893982,-0.011992475017905235,0.06693417578935623,-0.08611004054546356,0.049212247133255005,0.031301919370889664,-0.06798384338617325,-0.015485179610550404,0.05376232787966728,-0.13273081183433533,0.0266074538230896,0.009819548577070236,0.01107871625572443,-0.04729798063635826,-0.02889404632151127,-0.12882429361343384,-0.07785087078809738,0.13690385222434998,-0.25277870893478394,0.2858268916606903,0.22790710628032684,0.07239795476198196,0.11471521109342575,0.0984797328710556,-0.028358979150652885,0.037466272711753845,-0.12428757548332214,-0.18007615208625793,0.020843783393502235,0.1283925473690033,-0.03984634578227997,0.11964772641658783,-0.02037227526307106
-0.049308646470308304,0.09606784582138062,0.08650672435760498,-0.09966043382883072,-0.09131748974323273,-0.08632325381040573,0.0002365531399846077,-0.1253451108932495,0.09535129368305206,-0.09582705795764923,0.3768572211265564,-0.05315136909484863,-0.24008552730083466,-0.1610422432422638,-0.040212877094745636,0.1511455476284027,-0.17558348178863525,-0.09960857778787613,-0.023536764085292816,-0.01692718081176281,0.10443577915430069,-0.03204791992902756,0.025749636813998222,0.05285462737083435,-0.04624668136239052,-0.3697955310344696,-0.09433085471391678,-0.12953725457191467,0.012088940478861332,-0.11951490491628647,0.02913150191307068,0.008396348915994167,-0.21898750960826874,-0.05838654935359955,-0.05753673240542412,-0.02274271845817566,-0.06182960048317909,-0.03649510070681572,0.20075438916683197,-0.005821408703923225,-0.21182389557361603,0.02165084332227707,-0.01729690656065941,0.22465141117572784,0.15780602395534515,0.0325811430811882,0.03747090697288513,-0.07379363477230072,0.058856844902038574,-0.17017853260040283,0.057739198207855225,0.10448810458183289,0.15102660655975342,-0.00785298552364111,-0.01046806015074253,-0.16456706821918488,-0.021305546164512634,0.08583415299654007,-0.23778337240219116,0.04588664695620537,0.03233779966831207,-0.10947110503911972,-0.043282005935907364,-0.04745936021208763,0.21440982818603516,0.0542944073677063,-0.12529140710830688,-0.11149963736534119,0.1658482700586319,-0.11821293830871582,-0.010872521437704563,0.10483898222446442,-0.18541961908340454,-0.21622097492218018,-0.28336820006370544,0.07795605063438416,0.3883650600910187,0.07167447358369827,-0.15487900376319885,-0.016703782603144646,-0.0853804275393486,0.004618233069777489,0.07283303886651993,0.08442246168851852,-0.003868989646434784,0.014642647467553616,-0.09121885895729065,0.08470343053340912,0.10261651128530502,-0.10847768187522888,-0.08999675512313843,0.25367796421051025,-0.0783473402261734,0.10196612775325775,-0.011364711448550224,-0.01277732290327549,-0.0038008280098438263,0.07690578699111938,-0.07859601825475693,0.061741381883621216,0.01711731031537056,-0.07282888144254684,-0.021910279989242554,0.05684056505560875,-0.12525393068790436,0.047414734959602356,0.009138254448771477,0.007681494578719139,-0.047391220927238464,-0.018877841532230377,-0.131131112575531,-0.07880666106939316,0.13404881954193115,-0.2554031014442444,0.28208330273628235,0.22845235466957092,0.07226022332906723,0.11308380216360092,0.0863247960805893,-0.02622867003083229,0.03070690855383873,-0.13427206873893738,-0.21671760082244873,0.026479726657271385,0.12382688373327255,-0.039809439331293106,0.11739455163478851,-0.02268567867577076
-0.05004654824733734,0.10257962346076965,0.09228085726499557,-0.0890127569437027,-0.0960913747549057,-0.0878465473651886,-0.0023920079693198204,-0.14030583202838898,0.09941177815198898,-0.09343452006578445,0.3769967555999756,-0.05601043999195099,-0.22377103567123413,-0.1521207094192505,-0.038813479244709015,0.13736578822135925,-0.17113682627677917,-0.09940095245838165,-0.022542200982570648,-0.01358434371650219,0.09585372358560562,-0.02896558865904808,0.027952071279287338,0.045038122683763504,-0.03841627389192581,-0.37588486075401306,-0.10365652292966843,-0.13528379797935486,0.021060504019260406,-0.13174229860305786,0.026209980249404907,0.0035187688190490007,-0.22446419298648834,-0.06336668133735657,-0.06020243093371391,-0.029150592163205147,-0.06669891625642776,-0.043792612850666046,0.20792531967163086,-0.0058970702812075615,-0.20806658267974854,0.025284651666879654,-0.02951517514884472,0.22758834064006805,0.1594843715429306,0.028056025505065918,0.028372803702950478,-0.08222958445549011,0.05886125564575195,-0.15945199131965637,0.053148653358221054,0.11091390252113342,0.14283451437950134,-0.01534130796790123,-0.009700508788228035,-0.16140197217464447,-0.020234111696481705,0.07216691225767136,-0.24392946064472198,0.038730960339307785,0.03518446534872055,-0.10981250554323196,-0.044978585094213486,-0.0515364408493042,0.212887704372406,0.05647704377770424,-0.10988513380289078,-0.1157790869474411,0.15674157440662384,-0.12271271646022797,-0.006944929249584675,0.100192129611969,-0.18546466529369354,-0.21844330430030823,-0.2881113290786743,0.075720876455307,0.3870220482349396,0.0641145333647728,-0.15672987699508667,-0.011788703501224518,-0.09093870222568512,-0.0030514271929860115,0.06799613684415817,0.07814247906208038,-0.013939551077783108,0.02044123411178589,-0.09057432413101196,0.08284903317689896,0.10408132523298264,-0.10846279561519623,-0.0883471891283989,0.24764715135097504,-0.09025294333696365,0.09217875450849533,-0.003438164945691824,-0.01897244155406952,-0.007970443926751614,0.07000187039375305,-0.07984285801649094,0.05707187578082085,0.019083894789218903,-0.07938449084758759,-0.026540128514170647,0.06776034832000732,-0.1460849940776825,0.044639091938734055,0.006179645657539368,-0.0071783591993153095,-0.047448623925447464,-0.03767034783959389,-0.13403645157814026,-0.0769532099366188,0.14727042615413666,-0.26136523485183716,0.28003180027008057,0.226474329829216,0.06958559900522232,0.12069115042686462,0.08074473589658737,-0.028642060235142708,0.014458420686423779,-0.12077395617961884,-0.21766532957553864,0.02956833317875862,0.12126819044351578,-0.031137740239501,0.1088472232222557,-0.025098223239183426
-0.06683181971311569,0.10429197549819946,0.08604580909013748,-0.05509324371814728,-0.1068236455321312,-0.09924846142530441,-0.03597859665751457,-0.13764925301074982,0.08325418829917908,-0.08594845235347748,0.3636261224746704,-0.06272788345813751,-0.2243306040763855,-0.14068414270877838,-0.06224663183093071,0.14775586128234863,-0.15723192691802979,-0.08182236552238464,-0.01424939651042223,-0.0017303479835391045,0.0874876081943512,-0.008265028707683086,0.03373269736766815,0.04156647250056267,-0.02788660116493702,-0.3937821686267853,-0.09131506085395813,-0.1508776694536209,0.022013112902641296,-0.10218649357557297,0.004304445814341307,0.012527864426374435,-0.23436635732650757,-0.060249410569667816,-0.05843537300825119,-0.033838946372270584,-0.06888361275196075,-0.0132776303216815,0.22266347706317902,0.011100470088422298,-0.22035761177539825,-0.00843386072665453,-0.0269247367978096,0.21108011901378632,0.15429073572158813,0.06484586745500565,0.03150070458650589,-0.07105211168527603,0.053668320178985596,-0.16223537921905518,0.04222448170185089,0.12507139146327972,0.1518620103597641,-0.02336103469133377,-0.009754921309649944,-0.15023133158683777,-0.024082833901047707,0.04100058227777481,-0.24968212842941284,0.01896006241440773,0.03792707249522209,-0.08006452023983002,-0.05639313533902168,-0.05425852909684181,0.2557923197746277,0.07148788124322891,-0.10125655680894852,-0.10628489404916763,0.17871321737766266,-0.15774168074131012,-0.021586667746305466,0.09900452196598053,-0.15878424048423767,-0.21523936092853546,-0.29743966460227966,0.05080040544271469,0.367342472076416,0.07951554656028748,-0.1419929563999176,0.0030832290649414062,-0.08080778270959854,-0.02206960879266262,0.08070077002048492,0.07257523387670517,-0.01802355982363224,0.04394624009728432,-0.06544585525989532,0.04508932679891586,0.11437740921974182,-0.10949923098087311,-0.07551874965429306,0.2468315213918686,-0.08703961968421936,0.11041148006916046,-0.005690434947609901,-0.03990354761481285,0.0033871307969093323,0.048855848610401154,-0.06644119322299957,0.058947931975126266,0.01897600293159485,-0.052581481635570526,-0.007970907725393772,0.06417416036128998,-0.134235218167305,0.02888205647468567,-0.0160371083766222,0.0039021242409944534,-0.03619500249624252,-0.018596872687339783,-0.14902091026306152,-0.09995880722999573,0.14313079416751862,-0.24491780996322632,0.28599080443382263,0.1908552497625351,0.031921081244945526,0.10518182814121246,0.09875093400478363,-0.016124211251735687,0.005694597959518433,-0.11415357142686844,-0.23095378279685974,-0.002269765129312873,0.14330905675888062,-0.06323915719985962,0.11058472096920013,-0.027098841965198517
-0.06265180557966232,0.09998023509979248,0.09404797852039337,-0.054161131381988525,-0.09029725193977356,-0.09843198210000992,-0.02060706727206707,-0.1339636594057083,0.09197132289409637,-0.08394035696983337,0.3479325771331787,-0.05977689102292061,-0.23296554386615753,-0.15394893288612366,-0.05345776677131653,0.1590634137392044,-0.1492457389831543,-0.09122695028781891,-0.023093674331903458,-0.0016549555584788322,0.08997443318367004,-0.007662081625312567,0.03339425101876259,0.04566527530550957,-0.021082494407892227,-0.3845784366130829,-0.10752800852060318,-0.14191237092018127,0.02193296328186989,-0.09704618155956268,0.0015084994956851006,0.0018873161170631647,-0.23499347269535065,-0.07328909635543823,-0.04434250295162201,-0.030188322067260742,-0.05976829305291176,-0.03161049634218216,0.21250322461128235,0.007044874131679535,-0.21767090260982513,-0.012673202902078629,-0.015461089089512825,0.21071964502334595,0.14932076632976532,0.0757829025387764,0.03644264489412308,-0.08020384609699249,0.0632028877735138,-0.16259542107582092,0.05535830184817314,0.1141931414604187,0.1468416303396225,-0.005090655758976936,-0.012623290531337261,-0.1664959341287613,-0.010925022885203362,0.06037306785583496,-0.2511274814605713,0.03375016525387764,0.044269759207963943,-0.10154770314693451,-0.061735380440950394,-0.05155782774090767,0.25927433371543884,0.08018877357244492,-0.1081409603357315,-0.13086481392383575,0.180343359708786,-0.15781979262828827,-0.024249203503131866,0.09149374812841415,-0.16591428220272064,-0.2009483426809311,-0.3117571175098419,0.05660169571638107,0.3664369285106659,0.0839257463812828,-0.14896385371685028,0.004773876629769802,-0.08068834245204926,0.010471444576978683,0.08472276479005814,0.09549155831336975,-0.01403026282787323,0.04510387033224106,-0.07089794427156448,0.03462991490960121,0.11557392030954361,-0.10433326661586761,-0.08701583743095398,0.24006803333759308,-0.09204426407814026,0.11568977683782578,-0.009158584289252758,-0.04201974347233772,0.0011727642267942429,0.051592592149972916,-0.06985683739185333,0.06062076985836029,0.0248115137219429,-0.03841891884803772,-0.004168672487139702,0.06508883088827133,-0.12589538097381592,0.036228906363248825,-0.017574016004800797,0.010879014618694782,-0.03937874734401703,-0.030858114361763,-0.14966744184494019,-0.08264873921871185,0.13686810433864594,-0.24855920672416687,0.3074491620063782,0.19206158816814423,0.0391458161175251,0.10784299671649933,0.10362345725297928,0.0018919166177511215,0.013650111854076385,-0.11605136841535568,-0.2330172210931778,0.00037594771129079163,0.15320059657096863,-0.06215059384703636,0.1253906488418579,-0.024667328223586082
-0.06232084706425667,0.1203509122133255,0.09184298664331436,-0.049049049615859985,-0.0983995571732521,-0.10942837595939636,-0.021908633410930634,-0.12929801642894745,0.08449093252420425,-0.06832779943943024,0.3384775221347809,-0.062135905027389526,-0.2338075339794159,-0.1473606675863266,-0.054905153810977936,0.1496950089931488,-0.1599508821964264,-0.09371710568666458,-0.020504429936408997,0.010706503875553608,0.10271956026554108,0.000515134772285819,0.04557418450713158,0.03582422062754631,-0.013020781800150871,-0.390762597322464,-0.10600027441978455,-0.14078031480312347,0.03291647136211395,-0.09245605021715164,0.008191891945898533,-0.005823466926813126,-0.2365385890007019,-0.07991227507591248,-0.04213831573724747,-0.03447715938091278,-0.06232456862926483,-0.03245818614959717,0.2233004868030548,0.01026157196611166,-0.22790183126926422,-0.003758478444069624,-0.01813189685344696,0.21651211380958557,0.1512482762336731,0.07749028503894806,0.037645451724529266,-0.08299834281206131,0.054962217807769775,-0.1542789489030838,0.059818316251039505,0.12616606056690216,0.15044699609279633,-0.01277141459286213,-0.002066556364297867,-0.15685336291790009,-0.010445483960211277,0.052279748022556305,-0.2470039576292038,0.022428564727306366,0.051455914974212646,-0.08291441202163696,-0.04883003979921341,-0.05717730149626732,0.2509564161300659,0.05900704115629196,-0.10183849185705185,-0.12301565706729889,0.17291942238807678,-0.15615993738174438,-0.029618533328175545,0.10491672903299332,-0.16078342497348785,-0.19508090615272522,-0.30528372526168823,0.051023006439208984,0.37882959842681885,0.07446563243865967,-0.14739006757736206,0.00020367931574583054,-0.07485251873731613,-0.008311200886964798,0.08549018204212189,0.10165444016456604,-0.01821398362517357,0.04938410222530365,-0.07817549258470535,0.038599394261837006,0.11412402987480164,-0.10975010693073273,-0.09118402004241943,0.23740500211715698,-0.0796673446893692,0.11732034385204315,-0.0059699504636228085,-0.04027044028043747,0.004883706569671631,0.052256323397159576,-0.06899993866682053,0.05824262648820877,0.029111597687005997,-0.04159225523471832,-0.022172603756189346,0.07145696878433228,-0.11983683705329895,0.02300567366182804,-0.013471594080328941,0.00431156437844038,-0.047303929924964905,-0.03431493043899536,-0.14263613522052765,-0.08695261925458908,0.13173602521419525,-0.24549610912799835,0.2968636453151703,0.19245293736457825,0.020298326388001442,0.09661388397216797,0.09524024277925491,-0.003954981453716755,0.014031307771801949,-0.11532991379499435,-0.23410454392433167,-0.007849683053791523,0.1502518653869629,-0.053902462124824524,0.12390592694282532,-0.028235815465450287
-0.05957344174385071,0.10159216076135635,0.07411213219165802,-0.050774574279785156,-0.09062361717224121,-0.09708889573812485,-0.02803567796945572,-0.12170920521020889,0.08118058741092682,-0.08338262140750885,0.3605997860431671,-0.06985209882259369,-0.24056561291217804,-0.1430533230304718,-0.056518711149692535,0.15130257606506348,-0.15110746026039124,-0.08791498094797134,-0.03390832990407944,0.015918057411909103,0.09097228944301605,-0.0029966470319777727,0.030763503164052963,0.039768051356077194,-0.026303404942154884,-0.4049457013607025,-0.09816089272499084,-0.13884849846363068,0.0016704490408301353,-0.09978636354207993,0.0018155928701162338,0.01000066939741373,-0.23824883997440338,-0.0719178169965744,-0.047365084290504456,-0.03760424256324768,-0.06607082486152649,-0.022893916815519333,0.22697743773460388,0.014741802588105202,-0.23235732316970825,-0.01251909788697958,-0.008088338188827038,0.21689310669898987,0.14435607194900513,0.07186231017112732,0.035990193486213684,-0.08313065767288208,0.06289606541395187,-0.17760148644447327,0.05824259668588638,0.12090477347373962,0.14307376742362976,-0.006556087173521519,-0.011469363234937191,-0.1557989865541458,-0.016805607825517654,0.060661617666482925,-0.2419162392616272,0.0255599208176136,0.04035639762878418,-0.09175588935613632,-0.058668091893196106,-0.0637093037366867,0.2513517737388611,0.07337342947721481,-0.09999600797891617,-0.12010175734758377,0.17398245632648468,-0.16111312806606293,-0.02524959295988083,0.10188225656747818,-0.1532995104789734,-0.22096872329711914,-0.31619590520858765,0.05375802516937256,0.36816754937171936,0.08232823014259338,-0.14311306178569794,0.008097324520349503,-0.07241466641426086,-0.016040697693824768,0.09287813305854797,0.09140510857105255,-0.010574070736765862,0.05100790038704872,-0.07186458259820938,0.04347217455506325,0.1371225267648697,-0.10571389645338058,-0.07949134707450867,0.24495278298854828,-0.0866241306066513,0.11343041807413101,0.006163660902529955,-0.033846527338027954,0.004437938332557678,0.04319518432021141,-0.07445087283849716,0.07248298078775406,0.020539075136184692,-0.05188557133078575,-0.020674576982855797,0.06034189835190773,-0.12716548144817352,0.03076106868684292,-0.01700754091143608,0.0037731342017650604,-0.03156071528792381,-0.031662385910749435,-0.13746172189712524,-0.09849832206964493,0.13304086029529572,-0.24495963752269745,0.2832474708557129,0.18121202290058136,0.035925328731536865,0.11356266587972641,0.09952165186405182,0.0010941820219159126,0.0029516606591641903,-0.11436594277620316,-0.25122836232185364,-0.003133706748485565,0.15408678352832794,-0.04408014193177223,0.11597418040037155,-0.03124164417386055
-0.07231475412845612,0.07949431240558624,0.08348294347524643,-0.05035347491502762,-0.10713998973369598,-0.0973486602306366,-0.029412470757961273,-0.115049347281456,0.06831387430429459,-0.09978609532117844,0.380441814661026,-0.04167015478014946,-0.23657268285751343,-0.15491777658462524,-0.043854497373104095,0.15308460593223572,-0.1222279965877533,-0.09749770164489746,-0.020427880808711052,-0.004549926146864891,0.10544098168611526,-0.01322250161319971,0.016279511153697968,0.03908291086554527,-0.03814878314733505,-0.3887341320514679,-0.09841570258140564,-0.11724412441253662,0.024859629571437836,-0.1343337744474411,0.004747390281409025,0.025411847978830338,-0.21190640330314636,-0.05517181009054184,-0.03755529224872589,-0.0029510604217648506,-0.06788401305675507,-0.02281157672405243,0.20562653243541718,0.015514221973717213,-0.21402648091316223,-0.015566648915410042,-0.02339509315788746,0.23936769366264343,0.12360125035047531,0.04237227514386177,0.06318701803684235,-0.09668543189764023,0.04980500414967537,-0.16664397716522217,0.05166303366422653,0.11551675200462341,0.13526059687137604,0.007022669538855553,-0.033268265426158905,-0.14540496468544006,-0.02333928644657135,0.09856870770454407,-0.2503794729709625,0.04411981254816055,0.02872321382164955,-0.10021033883094788,-0.09351203590631485,-0.06536336243152618,0.24832583963871002,0.075755275785923,-0.13051187992095947,-0.119182288646698,0.16598723828792572,-0.14841681718826294,-0.0435173474252224,0.08215188980102539,-0.1724594235420227,-0.2271745204925537,-0.29619550704956055,0.07737673819065094,0.3661852180957794,0.06252842396497726,-0.15526042878627777,0.024772167205810547,-0.052750930190086365,-0.015599211677908897,0.08093682676553726,0.11628042906522751,-0.009093928150832653,0.059200454503297806,-0.04785273224115372,0.07263205945491791,0.12617605924606323,-0.10916636884212494,-0.05594813451170921,0.23668864369392395,-0.06788507848978043,0.12252679467201233,0.012110091745853424,-0.018805189058184624,0.020416099578142166,0.039874766021966934,-0.08169758319854736,0.05437630042433739,0.006626075133681297,-0.0703541710972786,-0.014576076529920101,0.039236243814229965,-0.12262777239084244,0.0638665035367012,0.012451890856027603,0.004429252818226814,-0.022658398374915123,-0.04004516080021858,-0.13271775841712952,-0.10786449909210205,0.12421999871730804,-0.25351282954216003,0.28950047492980957,0.22315776348114014,0.08689650148153305,0.12305807322263718,0.11136306822299957,-0.009488443844020367,0.04026968777179718,-0.11774270236492157,-0.2236940711736679,0.03067735955119133,0.14987662434577942,-0.056760627776384354,0.0788835734128952,-0.04759439080953598
-0.06396479904651642,0.09411852806806564,0.08529049903154373,-0.05815839394927025,-0.10839618742465973,-0.08072887361049652,-0.02201235666871071,-0.11963991075754166,0.07230651378631592,-0.08687804639339447,0.3621327579021454,-0.060632817447185516,-0.23194488883018494,-0.16269950568675995,-0.041055671870708466,0.1411384791135788,-0.11615650355815887,-0.11434171348810196,0.0016566663980484009,-0.02345937117934227,0.09563516825437546,-0.01852940022945404,0.011570509523153305,0.04895515739917755,-0.047348007559776306,-0.38606399297714233,-0.10715445131063461,-0.1304078996181488,0.024174481630325317,-0.1438003033399582,0.0011296812444925308,0.028343508020043373,-0.22006072103977203,-0.059647202491760254,-0.05101819336414337,0.0022002365440130234,-0.05155834183096886,-0.03399927541613579,0.20678777992725372,0.023730294778943062,-0.19609524309635162,-0.007676347624510527,-0.03756386414170265,0.26346614956855774,0.13905686140060425,0.027440322563052177,0.05307245999574661,-0.07485847920179367,0.048892177641391754,-0.14276662468910217,0.052267394959926605,0.12108919769525528,0.1376335173845291,0.0004935236647725105,-0.04621269181370735,-0.13498231768608093,-0.024763690307736397,0.06931566447019577,-0.2375374734401703,0.04262344539165497,0.0397823341190815,-0.11328266561031342,-0.09317091107368469,-0.07162826508283615,0.2539880871772766,0.06423123180866241,-0.11694230884313583,-0.1266000121831894,0.1718667894601822,-0.14383631944656372,-0.044268231838941574,0.07465513795614243,-0.1874680370092392,-0.20166897773742676,-0.295995831489563,0.10432346165180206,0.36725685000419617,0.07169166207313538,-0.17585045099258423,0.02391074039041996,-0.06442342698574066,0.009310822002589703,0.0874948799610138,0.12079235911369324,-0.005064375698566437,0.06570276618003845,-0.0630587786436081,0.07444799691438675,0.11876555532217026,-0.10956455767154694,-0.07802991569042206,0.23282302916049957,-0.0740184560418129,0.12824168801307678,0.026528209447860718,-0.02261963300406933,0.022072840481996536,0.050561435520648956,-0.08170630782842636,0.06199773773550987,0.02949533425271511,-0.07335779070854187,-0.012367069721221924,0.0642586424946785,-0.1215195432305336,0.06017570570111275,0.011684915982186794,0.00697218906134367,-0.027298901230096817,-0.031536635011434555,-0.14029651880264282,-0.11159200966358185,0.14042983949184418,-0.2584332823753357,0.26961520314216614,0.2180182784795761,0.07216386497020721,0.1178947314620018,0.11477384716272354,0.008103066124022007,0.033201009035110474,-0.11198058724403381,-0.21866022050380707,0.029771802946925163,0.14582028985023499,-0.0393647663295269,0.08057578653097153,-0.03224071115255356
-0.04552329331636429,0.11246726661920547,0.08525201678276062,-0.06571262329816818,-0.0805496796965599,-0.08662110567092896,-0.019368115812540054,-0.10591329634189606,0.08347971737384796,-0.07170546799898148,0.35958391427993774,-0.05025770887732506,-0.23964297771453857,-0.1589137613773346,-0.03969843313097954,0.161179319024086,-0.13845324516296387,-0.10203253477811813,-0.00942894909530878,-0.01016800757497549,0.09898783266544342,-0.010533316060900688,0.02324926108121872,0.0399511456489563,-0.04754868894815445,-0.38742387294769287,-0.10297327488660812,-0.11933630704879761,0.02530078962445259,-0.10597265511751175,0.011539667844772339,0.02510438859462738,-0.229625403881073,-0.056826040148735046,-0.03830328956246376,-0.01836710423231125,-0.06307214498519897,-0.03687300160527229,0.217777281999588,0.02935291826725006,-0.1976204514503479,-0.003866489976644516,-0.033419638872146606,0.24329796433448792,0.1344425231218338,0.04200585186481476,0.08890348672866821,-0.09828536212444305,0.05283595621585846,-0.14875581860542297,0.053222570568323135,0.12420013546943665,0.12138305604457855,0.005233802832663059,-0.0363604873418808,-0.15998879075050354,-0.02580355852842331,0.08819558471441269,-0.23977422714233398,0.03937092423439026,0.027384718880057335,-0.08923005312681198,-0.07699556648731232,-0.07069586217403412,0.24788716435432434,0.06380467116832733,-0.11732104420661926,-0.13847312331199646,0.17412050068378448,-0.14382953941822052,-0.0311838798224926,0.08287527412176132,-0.1782667636871338,-0.20294298231601715,-0.3156203627586365,0.07889510691165924,0.3483434319496155,0.06257815659046173,-0.1492878794670105,0.031432636082172394,-0.05961240828037262,0.0020333905704319477,0.08466138690710068,0.12366633117198944,-0.022328078746795654,0.07133317738771439,-0.0576765239238739,0.06986616551876068,0.13452763855457306,-0.10988723486661911,-0.07506082952022552,0.23554430902004242,-0.07859896123409271,0.12367638200521469,0.003044305369257927,-0.02880282886326313,0.013085151091217995,0.05357588827610016,-0.07079734653234482,0.06731456518173218,0.015191445127129555,-0.061084065586328506,-0.012206587009131908,0.0664035752415657,-0.1281937211751938,0.048225805163383484,-0.003180862870067358,0.010617978870868683,-0.04421159625053406,-0.03318333253264427,-0.1337636113166809,-0.10159913450479507,0.1335737705230713,-0.24805554747581482,0.2767092287540436,0.2155260294675827,0.054987069219350815,0.11036033928394318,0.11585457623004913,0.007235628552734852,0.024066884070634842,-0.11236021667718887,-0.23040422797203064,0.03546854481101036,0.14721229672431946,-0.03920116275548935,0.09657116234302521,-0.03423095867037773
